"","Status","FoundingYear","Age","FocusFunctions","TeamSizeGrowth","NumSeedInvestors","NumAngelorVCInvestors","NumFounders","NumAdvisors","SeniorLeadershipTeamSize","TopCompanyExp","StartupExp","SuccessfulStartupExp","Big5Partner","ConsultingExp","ProductorService","DataFocus","ConsumerDataFocus","DataStructureFocus","SubscriptionBased","CloudPlatformBased","LocalGlobal","BusinessModel","CapitalIntensive","CrowdsourcingBased","CrowdfundingBased","B2BorB2C","GlobalExposure","HighestEducation","Fortune100Exp","Fortune500Exp","Fortune1000Exp","NumFounderRecognition","PricingStrategy","HyperLocalisation","LongtermFounderRelationship","GooglePageRank","NumDirectCompetitors","EmployeesPerYear","LastFundingRoundAmount","RecessionSurvival","FortuneExp"
"1","Success",2011,3,"operations","no",15,0,3,0,7,"Yes","No","No","No","No","Both","Private","Yes","Both","Yes","cloud","local","Non-Linear","No","No","No","B2B","Yes","Bachelors",0,0,1,18,"Yes","No","Yes",71391,0,3,2,"Not Applicable",1
"2","Success",2009,5,"marketing & sales","no",6,0,2,0,4,"No","Yes","Yes","No","No","Product","Public","Yes","Structured","Yes","platform","local","Non-Linear","No","Yes","No","B2C","Yes","Bachelors",0,0,0,2,"Yes","No","No",11847,2,10,10,"Not Applicable",0
"3","Success",2010,4,"marketing & sales","no",7,0,1,1,8,"No","No","No","No","No","Product","Public","Yes","Both","No","platform","local","Non-Linear","Yes","No","No","B2B","Yes","Bachelors",0,0,0,5,"Yes","No","Yes",201814,0,10,5,"Not Applicable",0
"4","Success",2010,4,"analytics","no",2,0,4,0,4,"No","No","No","No","No","Service","Public","Yes","Both","No","platform","local","Non-Linear","No","No","No","B2B","Yes","Masters",0,0,0,5,"Yes","No","No",591816,0,3,1,"Not Applicable",0
"5","Success",2011,3,"research","no",7,0,2,9,2,"No","Yes","Yes","No","No","Both","Public","Yes","Unstructured","Yes","platform","local","Non-Linear","No","No","No","B2B","Yes","PhD",0,0,0,1,"Yes","No","No",2345574,0,5,2,"Not Applicable",0
"6","Success",2010,4,"computing","no",0,0,3,4,4,"No","Yes","Yes","No","No","Both","Private","No","Both","No","platform","local","Non-Linear","No","No","No","B2B","Yes","Masters",0,0,0,5,"Yes","No","No",1015027,0,10,6,"Not Applicable",0
"7","Success",2011,3,"marketing","no",13,0,2,0,2,"Yes","Yes","Yes","No","No","Product","Public","Yes","Both","No","platform","local","Non-Linear","No","Yes","No","B2B","Yes","Masters",0,0,0,13,"No","No","No",256921,0,16,11,"Not Applicable",0
"8","Success",2013,1,"research","no",0,0,3,4,3,"Yes","Yes","Yes","No","No","Product","Public","Yes","Structured","No","platform","global","Non-Linear","No","No","No","B2B","Yes","PhD",0,0,0,1,"Yes","No","Yes",3639779,0,3,3,"Not Applicable",0
"9","Success",2011,3,"sales, marketing","no",0,0,2,1,8,"No","Yes","Yes","No","No","Both","Public","Yes","Both","No","platform","global","Non-Linear","No","No","No","B2B","Yes","Bachelors",0,0,1,4,"Yes","No","No",142907,4,25,16,"Not Applicable",1
"10","Success",2010,4,"marketing 
sales","no",0,0,0,1,8,"No","Yes","Yes","No","Yes","Product","Private","Yes","Structured","No","cloud","local","Non-Linear","Yes","No","No","B2B","Yes","Bachelors",1,0,0,0,"Yes","No","No",172054,0,16,11,"Not Applicable",1
"11","Success",2008,6,"technology","no",0,0,3,0,6,"No","Yes","No","Yes","Yes","Product","Public","Yes","Both","Yes","cloud","global","Non-Linear","No","No","No","B2B","Yes","Bachelors",0,0,1,1,"Yes","No","No",99081,0,4,6,"Yes",1
"12","Success",2010,4,"marketing, sales","no",0,2,2,0,5,"No","No","No","No","No","Product","Public","Yes","Both","No","platform","local","Non-Linear","No","No","No","B2B","Yes","PhD",0,0,0,1,"Yes","No","Yes",713494,0,16,2,"Not Applicable",0
"13","Success",2010,4,"marketing","no",0,3,1,0,7,"No","No","No","No","No","Product","Public","Yes","Both","No","platform","local","Non-Linear","Yes","No","No","B2B","Yes","Masters",0,0,0,1,"Yes","No","No",1939943,0,16,3,"Not Applicable",0
"14","Success",2009,5,"marketing & sales","no",0,0,3,0,8,"No","No","No","No","No","Both","Both","Yes","Both","No","platform","global","Non-Linear","No","No","No","B2B","Yes","Masters",0,0,0,0,"Yes","No","No",276491,0,12,10,"Not Applicable",0
"15","Success",2002,12,"solution providing","yes",0,3,0,0,8,"Yes","Yes","Yes","No","No","Both","Public","Yes","Both","No","platform","local","Non-Linear","Yes","No","No","B2B","Yes","Masters",0,0,0,0,"Yes","No","No",3341960,0,18,0,"Yes",0
"16","Success",2010,4,"marketing 
sales","no",0,6,2,0,4,"No","Yes","Yes","No","No","Product","Private","Yes","Both","No","cloud","local","Non-Linear","No","No","No","B2B","No","Bachelors",0,0,0,0,"No","No","No",2461569,4,16,0,"Not Applicable",0
"17","Success",2010,4,"marketing","yes",0,1,2,0,5,"Yes","Yes","No","No","No","Both","Private","Yes","Structured","No","cloud","global","Non-Linear","No","No","No","B2B","Yes","Bachelors",1,1,1,56,"Yes","No","Yes",1246836,0,8,5,"Not Applicable",3
"18","Success",2005,9,"social media","yes",0,0,2,0,4,"No","Yes","Yes","Yes","Yes","Both","Public","No","Both","Yes","platform","global","Non-Linear","No","No","No","B2B","Yes","Masters",1,1,1,100,"No","No","No",269278,0,3,1,"Yes",3
"19","Success",2012,2,"marketing","yes",0,0,3,8,3,"Yes","Yes","Yes","No","No","Service","Private","Yes","Structured","No","platform","global","Non-Linear","No","No","No","B2B","Yes","Masters",1,1,1,58,"No","Yes","Yes",761788,0,33,15,"Not Applicable",3
"20","Success",2012,2,"community betterment","yes",1,0,2,0,2,"No","Yes","Yes","No","No","Service","Public","No","Both","Yes","platform","local","Linear","Yes","Yes","No","B2C","Yes","PhD",0,0,0,81,"No","Yes","Yes",642250,5,3,1,"Not Applicable",0
"21","Success",2011,3,"web analytics","yes",3,0,2,1,3,"No","Yes","Yes","No","No","Service","Private","Yes","Structured","Yes","platform","global","Non-Linear","No","No","No","B2B","Yes","Masters",0,0,0,24,"No","No","No",3799200,3,2,0,"Not Applicable",0
"22","Success",2009,5,"strategy","yes",0,0,3,0,3,"No","No","No","Yes","No","Service","Private","No","Unstructured","No","platform","global","Non-Linear","No","No","No","B2B","No","Bachelors",1,1,1,67,"No","No","No",2497831,0,1,1,"Not Applicable",3
"23","Success",2013,1,"social media","no",6,0,1,0,1,"No","No","No","No","No","Service","Private","No","Both","Yes","platform","global","Non-Linear","No","No","No","B2C","No","PhD",0,0,0,53,"No","Yes","No",7253712,0,5,1,"Not Applicable",0
"24","Success",2007,7,"strategy","yes",0,0,2,8,10,"No","No","No","No","No","Service","Private","No","Structured","No","platform","local","Linear","Yes","No","No","B2B","No","Bachelors",1,1,1,71,"Yes","Yes","Yes",296645,0,18,15,"Yes",3
"25","Success",2012,2,"bug fix","no",3,0,2,0,2,"No","No","No","No","No","Service","Private","No","Both","No","platform","global","Non-Linear","No","Yes","No","B2C","No","Bachelors",0,0,0,79,"No","No","Yes",155498,5,3,0,"Not Applicable",0
"26","Success",2012,2,"data integration","no",2,0,4,0,4,"No","No","No","No","No","Service","Private","No","Both","Yes","platform","global","Linear","Yes","No","No","B2B","No","Bachelors",0,0,0,58,"Yes","No","No",38021,0,25,0,"Not Applicable",0
"27","Success",2010,4,"analytics","yes",2,3,3,2,5,"No","No","No","No","No","Product","Both","No","Both","Yes","platform","global","Non-Linear","No","No","No","B2B","No","Bachelors",0,0,0,63,"Yes","No","Yes",9355,0,44,20,"Not Applicable",0
"28","Success",2011,3,"social media optimization","yes",1.94210526315789,0.747368421052632,3,0,4,"No","Yes","No","No","No","Service","Both","No","Both","Yes","platform","global","Non-Linear","No","No","No","B2B","No","Bachelors",0,0,0,116,"No","No","No",1024425,0,4,2,"Not Applicable",0
"29","Success",2012,2,"marketing","yes",0,3,2,6,4,"No","No","No","No","No","Service","Public","Yes","Structured","Yes","platform","global","Non-Linear","No","No","No","B2B","No","Bachelors",1,1,1,61,"Yes","No","Yes",1951415,0,13,2,"Not Applicable",3
"30","Success",2012,2,"database management","yes",0,0,4,4,4,"No","No","No","No","No","Service","Private","Yes","Structured","No","platform","global","Linear","Yes","No","No","B2B","Yes","Bachelors",0,0,0,0,"No","No","No",912860,0,30,5,"Not Applicable",0
"31","Success",2012,2,"operations","yes",4,0,2,3,2,"No","Yes","Yes","No","No","Product","Private","Yes","Structured","Yes","platform","global","Non-Linear","No","No","No","B2B","No","Masters",0,0,0,7,"No","No","Yes",2439989,0,4,0,"Not Applicable",0
"32","Success",2010,4,"technology","yes",24,0,2,0,4,"No","No","No","No","No","Service","Private","Yes","Structured","Yes","platform","local","Non-Linear","No","No","No","B2B","No","Bachelors",0,0,0,1,"No","No","No",3792883,3,3,1,"Not Applicable",0
"33","Success",2010,4,"analytics","no",3,0,5,0,5,"Yes","No","No","No","No","Service","Public","Yes","Structured","Yes","platform","global","Non-Linear","No","No","No","B2B","Yes","Bachelors",1,1,0,245,"Yes","No","No",4518529,3,2,0,"Not Applicable",2
"34","Success",2011,3,"operations","yes",1,0,0,8,3,"No","No","No","No","No","Service","Public","No","Unstructured","No","platform","global","Linear","No","No","No","B2C","Yes","Masters",1,0,0,439,"Yes","No","Yes",2053508.43636364,3,28,0,"Not Applicable",1
"35","Success",2008,6,"sales","yes",0,0,3,0,6,"No","No","No","No","Yes","Product","Private","Yes","Structured","Yes","cloud","global","Non-Linear","No","No","No","B2B","Yes","Masters",0,0,0,1,"Yes","No","No",2607547,0,10,2,"Yes",0
"36","Success",2010,4,"technology","yes",0,0,4,10,6,"No","Yes","Yes","No","No","Product","Private","Yes","Structured","Yes","cloud","global","Non-Linear","No","No","No","B2B","No","PhD",0,0,0,0,"Yes","No","No",1810474,0,7,1,"Not Applicable",0
"37","Success",2011,3,"technology","yes",0,1,2,2,2,"No","No","No","No","No","Product","Private","No","Structured","Yes","platform","global","Non-Linear","No","No","No","B2B","No","PhD",0,0,0,1,"Yes","No","No",221783,0,16,3,"Not Applicable",0
"38","Success",2003,11,"risk","yes",1.94210526315789,0.747368421052632,2,13,14,"No","Yes","Yes","No","No","Product","Private","Yes","Structured","No","platform","global","Non-Linear","No","No","No","B2C","Yes","Bachelors",0,0,0,0,"No","No","No",1089377,0,30,30,"Yes",0
"39","Success",2000,14,"operations","yes",1.94210526315789,0.747368421052632,2,0,9,"No","No","No","No","No","Service","Private","Yes","Structured","Yes","platform","global","Non-Linear","No","No","No","B2B","Yes","Bachelors",0,0,0,9,"No","No","Yes",213086,0,47,25,"Yes",0
"40","Success",2011,3,"marketing, web analytics","yes",0,3,2,1,3,"No","Yes","Yes","No","No","Service","Both","No","Both","Yes","cloud","global","Non-Linear","No","No","No","B2B","Yes","Bachelors",0,0,0,0,"Yes","No","No",11967,0,14,4,"Not Applicable",0
"41","Success",2009,5,"marketing","yes",0,0,2,2,4,"Yes","Yes","Yes","No","No","Both","Private","Yes","Structured","No","platform","global","Non-Linear","No","No","No","B2B","Yes","Bachelors",1,1,1,0,"Yes","No","No",169460,0,13,13,"Not Applicable",3
"42","Success",2009,5,"strategy, operations, finacial planning","yes",0,0,3,5,7,"No","No","No","Yes","No","Both","Private","No","Structured","Yes","cloud","global","Non-Linear","No","No","No","B2B","Yes","Masters",0,0,0,100,"Yes","No","Yes",447301,0,28,1,"Not Applicable",0
"43","Success",2012,2,"marketing","yes",10,0,1,3,4,"No","No","No","No","No","Service","Both","No","Both","Yes","platform","global","Linear","Yes","No","No","B2B","No","Bachelors",0,0,0,79,"Yes","No","No",86394,0,40,6,"Not Applicable",0
"44","Success",2012,2,"marketing","no",1,0,2,2,4,"Yes","Yes","Yes","No","Yes","Product","Both","Yes","Unstructured","No","platform","global","Linear","Yes","No","No","B2B","Yes","Masters",0,0,0,0,"Yes","No","No",282991,0,15,1,"Not Applicable",0
"45","Success",2012,2,"analytics","no",2,1,2,0,2,"No","No","No","No","Yes","Product","no","Yes","Structured","Yes","platform","local","Non-Linear","No","No","No","B2B","No","Bachelors",0,0,0,4,"Yes","No","No",754828,0,14,2,"Not Applicable",0
"46","Success",2009,5,"analytics","yes",0,0,2,0,2,"Yes","No","No","No","Yes","Product","Both","No","Both","Yes","platform","global","Non-Linear","Yes","No","No","B2B","No","Bachelors",1,1,1,0,"Yes","Yes","No",28597,0,12,3,"Not Applicable",3
"47","Success",2012,2,"analytics","yes",10,0,2,1,4,"No","Yes","Yes","No","Yes","Service","Both","No","Structured","No","platform","global","Linear","No","No","No","B2B","Yes","Masters",0,0,0,0,"No","No","No",761094,0,18,4,"Not Applicable",0
"48","Success",2010,4,"data visualization","no",0,0,0,0,6,"Yes","Yes","Yes","No","No","Service","Both","Yes","Structured","No","both","global","Non-Linear","No","No","No","B2C","Yes","Masters",0,0,0,180,"No","Yes","Yes",7355795,6,3,1,"Not Applicable",0
"49","Success",2011,3,"analytics","yes",0,0,0,0,12,"No","Yes","Yes","No","No","Product","Both","Yes","Structured","No","none","global","Linear","No","No","No","B2B","No","PhD",0,1,0,0,"No","No","No",2053508.43636364,7,25,1,"Not Applicable",1
"50","Success",2010,4,"service","yes",0,4,3,2,8,"No","Yes","Yes","No","No","Service","no","No","Structured","No","cloud","local","Non-Linear","No","No","No","B2B","Yes","Masters",0,1,0,1,"No","No","Yes",46550,0,9,1,"Not Applicable",1
"51","Success",2002,12,"analytics","no",0,2,0,0,2,"No","Yes","Yes","Yes","Yes","Service","Both","Yes","Structured","No","platform","local","Non-Linear","No","No","No","B2B","No","Masters",1,0,0,1,"Yes","No","No",2584435,0,4,7,"Yes",1
"52","Success",2008,6,"operation","no",3,0,3,2,5,"No","Yes","Yes","No","No","Service","Private","Yes","Structured","No","cloud","global","Non-Linear","No","No","No","B2B","Yes","Bachelors",0,0,0,5,"Yes","No","No",915558,0,3,0,"Yes",0
"53","Success",2011,3,"marketing, sales","no",22,0,2,0,2,"Yes","Yes","Yes","No","Yes","Service","Private","No","Both","No","cloud","global","Linear","No","No","No","B2B","Yes","Masters",1,0,0,3,"No","No","No",431282,0,3,0,"Not Applicable",1
"54","Success",2010,4,"operations, sales, marketing","no",3,0,2,1,5,"No","No","No","No","No","Both","Private","Yes","Structured","No","platform","local","Non-Linear","No","No","No","B2B","Yes","Bachelors",0,0,0,0,"Yes","No","No",91162,5,2,0,"Not Applicable",0
"55","Success",2012,2,"marketing & sales","no",8,0,0,0,4,"Yes","No","No","No","Yes","Product","Public","Yes","Both","No","platform","local","Non-Linear","No","Yes","No","B2B","Yes","Masters",0,0,1,2,"Yes","No","No",6864799,0,12,1,"Not Applicable",1
"56","Success",2009,5,"marketing & sales","no",6,0,1,2,4,"Yes","No","No","No","No","Both","Public","Yes","Both","No","platform","global","Non-Linear","Yes","No","No","B2B","Yes","Bachelors",0,1,0,1,"Yes","No","No",64262,0,2,0,"Not Applicable",1
"57","Success",2011,3,"marketing, technology, finance & accounting, customer service","no",3,0,0,4,4,"No","Yes","Yes","No","Yes","Product","Both","Yes","Both","Yes","platform","local","Non-Linear","No","No","No","B2B","Yes","Masters",0,0,0,8,"Yes","No","No",194733,0,4,0,"Not Applicable",0
"58","Success",2009,5,"operation","no",0,0,3,0,4,"No","No","No","Yes","Yes","Service","Private","No","Both","No","platform","local","Non-Linear","Yes","No","No","B2B","Yes","Bachelors",0,0,0,1,"Yes","No","Yes",263431,0,4,17,"Not Applicable",0
"59","Success",2005,9,"computing, training","no",0,0,2,7,5,"No","Yes","No","No","Yes","Both","Private","No","Structured","No","cloud","global","Non-Linear","Yes","No","No","B2B","Yes","Bachelors",0,0,0,0,"Yes","No","No",709728,0,4,10,"Yes",0
"60","Success",2012,2,"marketing","no",0,0,0,0,7,"No","Yes","No","No","No","Product","Private","Yes","Both","No","platform","local","Non-Linear","No","No","No","B2C","Yes","Bachelors",0,0,0,1,"Yes","No","No",297388,0,7,1,"Not Applicable",0
"61","Success",2010,4,"operations, marketing","no",1,0,1,0,4,"No","Yes","Yes","No","No","Product","Private","Yes","Structured","No","platform","local","Non-Linear","Yes","No","No","B2B","Yes","Bachelors",0,0,0,0,"Yes","No","No",245871,0,3,7,"Not Applicable",0
"62","Success",2010,4,"research","no",0,0,3,7,7,"No","Yes","Yes","No","No","Product","Public","Yes","Both","No","platform","local","Non-Linear","Yes","No","No","B2B","Yes","PhD",0,0,0,12,"Yes","No","Yes",1842172,0,10,11,"Not Applicable",0
"63","Success",2011,3,"operations","no",0,0,2,0,4,"Yes","No","No","No","No","Product","Private","No","Structured","No","cloud","local","Non-Linear","Yes","No","No","B2B","Yes","PhD",1,0,0,3,"Yes","No","Yes",226890,0,13,35,"Not Applicable",1
"64","Success",2011,3,"marketing, sales","no",0,0,5,0,6,"No","Yes","Yes","Yes","Yes","Product","Both","Yes","Both","No","platform","global","Non-Linear","No","No","No","B2B","Yes","Masters",0,0,0,0,"Yes","No","No",4910627,0,4,0,"Not Applicable",0
"65","Success",2006,8,"marketing","yes",0,0,1,7,9,"No","Yes","Yes","No","No","Product","Both","Yes","Both","No","cloud","local","Non-Linear","Yes","No","No","B2B","Yes","Bachelors",0,0,0,0,"Yes","No","No",408646,8,15,9,"Yes",0
"66","Success",2011,3,"marketing, sales","no",0,0,2,0,3,"No","Yes","Yes","No","No","Both","Public","Yes","Both","No","platform","local","Non-Linear","No","No","No","B2B","Yes","Masters",0,0,0,0,"Yes","No","No",1046310,0,4,1,"Not Applicable",0
"67","Success",1999,15,"risk","yes",0,0,0,0,10,"No","No","No","No","No","Both","Both","Yes","Both","No","platform","local","Non-Linear","No","No","No","B2B","Yes","Masters",0,0,0,0,"Yes","No","No",1085205,0,18,6,"Yes",0
"68","Success",2006,8,"marketing 
sales","yes",0,0,2,0,12,"No","Yes","Yes","No","No","Product","Private","Yes","Both","No","cloud","global","Non-Linear","No","Yes","No","B2B","Yes","Masters",0,0,0,2,"Yes","No","Yes",211794,2,15,13,"Yes",0
"69","Success",2010,4,"data collection ","no",0,2,1,0,8,"No","Yes","Yes","No","No","Product","Public","Yes","Unstructured","No","platform","local","Non-Linear","No","No","No","B2B","Yes","Bachelors",0,0,0,0,"Yes","No","Yes",731564,4,7,2,"Not Applicable",0
"70","Failed",2004,10,"development, marketing, and administration","yes",0,0,3,1,5,"No","Yes","Yes","No","No","Both","Private","Yes","Both","No","platform","local","Non-Linear","No","No","No","B2B","Yes","Bachelors",0,0,0,3,"No","No","No",2053508.43636364,0,11,62,"No",0
"71","Failed",2000,14,"it & sales","no",0,0,0,0,8,"No","Yes","Yes","No","Yes","Product","no","No","no","No","platform","local","Linear","No","No","No","B2B","Yes","Masters",0,1,0,0,"No","Yes","No",2053508.43636364,0,3,15,"No",1
"72","Failed",2004,10,"social news","yes",0,0,1,0,6,"Yes","Yes","Yes","No","No","Product","Public","No","Unstructured","No","platform","global","Non-Linear","No","Yes","No","B2C","Yes","Masters",1,0,0,1,"No","No","No",483,28,1,5,"Yes",1
"73","Failed",2005,9,"web","no",0,0,3,0,5,"No","No","No","No","Yes","Product","Public","Yes","Both","No","platform","global","Non-Linear","Yes","No","No","B2C","Yes","PhD",0,0,0,0,"Yes","No","No",545749,4,3,25,"No",0
"74","Failed",2009,5,"sale","no",0,0,0,0,5,"No","Yes","Yes","No","Yes","Service","Public","No","no","No","platform","local","Non-Linear","Yes","No","No","B2B","No","Masters",0,0,0,0,"Yes","No","No",8990243,9,20,5,"Not Applicable",0
"75","Failed",2011,3,"social network","no",5,5,3,0,3,"Yes","No","No","No","No","Service","no","No","no","No","platform","global","Non-Linear","No","No","No","B2C","No","Bachelors",0,1,0,0,"Yes","No","Yes",718025,0,3,1,"Not Applicable",1
"76","Failed",2010,4,"consumer web","no",9,0,3,0,5,"No","No","No","No","No","Product","Public","No","Unstructured","No","cloud","local","Non-Linear","Yes","Yes","No","B2C","No","Bachelors",0,0,0,0,"Yes","Yes","No",3638146,1,3,0,"Not Applicable",0
"77","Failed",2008,6,"writing blog","no",0,2,0,0,1,"No","No","No","No","No","Product","Public","Yes","Both","No","platform","global","Non-Linear","No","No","No","B2C","Yes","Bachelors",0,0,0,0,"No","No","No",245307,1,2,2,"Yes",0
"78","Failed",2006,8,"data management","no",0,0,1,0,1,"No","No","No","No","No","Service","Private","No","Both","Yes","platform","local","Non-Linear","No","No","No","B2C","No","Masters",0,1,1,75,"No","Yes","No",7974958,0,0,1,"No",2
"79","Failed",2007,7,"recommendation ","yes",0,0,3,2,6,"No","Yes","Yes","No","No","Service","Private","No","Both","Yes","platform","local","Non-Linear","No","Yes","No","B2C","Yes","Masters",0,0,0,0,"Yes","No","No",16821322,1,6,10,"No",0
"80","Success",2005,9,"marketing","yes",0,0,3,2,4,"No","Yes","Yes","No","No","Service","Public","Yes","Unstructured","Yes","platform","local","Non-Linear","No","No","No","B2C","No","Bachelors",0,0,0,0,"Yes","No","No",7445,2,4,10,"Yes",0
"81","Success",2012,2,"marketing,sales,risk,operations","yes",0,0,2,0,3,"No","Yes","Yes","No","No","Service","Private","Yes","Structured","Yes","cloud","global","Non-Linear","No","No","No","B2B","No","Masters",1,1,1,72,"Yes","No","Yes",2205289,0,51,8,"Not Applicable",3
"82","Success",2007,7,"strategy","yes",0,1,3,6,11,"No","Yes","Yes","Yes","Yes","Product","Public","Yes","Structured","Yes","platform","global","Linear","Yes","No","No","B2B","No","Bachelors",0,0,0,73,"Yes","Yes","No",29182,12,53,43,"Yes",0
"83","Success",2007,7,"strategy","yes",0,7,2,0,6,"No","Yes","Yes","No","No","Product","Private","No","Structured","No","both","global","Linear","Yes","No","No","B2B","No","Masters",1,1,1,81,"Yes","No","No",2053508.43636364,0,7,20,"Yes",3
"84","Failed",2007,7,"marketing","no",0,0,2,1,2,"Yes","No","No","No","No","Service","Private","No","Structured","Yes","platform","global","Non-Linear","No","Yes","No","B2B","No","Masters",1,1,1,72,"No","No","No",2053508.43636364,1,0,4,"No",3
"85","Success",2007,7,"development tool","yes",0,0,1,6,5,"No","Yes","Yes","No","Yes","Service","Private","No","Structured","Yes","platform","global","Non-Linear","No","No","No","B2B","Yes","PhD",0,0,0,61,"Yes","No","Yes",104224,0,5,5,"Yes",0
"86","Success",2013,1,"strategy","no",0,7,4,1,4,"No","Yes","No","No","No","Service","Private","No","Structured","No","platform","local","Non-Linear","No","No","No","B2B","No","Masters",1,1,1,91,"Yes","No","No",1125918,0,8,3,"Not Applicable",3
"87","Success",2007,7,"tool","yes",0,0,2,3,3,"No","Yes","No","Yes","Yes","Product","Private","No","Both","Yes","both","global","Linear","Yes","Yes","No","B2C","No","Bachelors",0,0,0,279,"No","No","No",95565,0,17,7,"Yes",0
"88","Success",2013,1,"inventory management","no",1,1,3,0,4,"No","No","No","No","No","Service","Private","No","Structured","Yes","platform","local","Linear","Yes","No","No","B2B","No","Masters",0,0,0,112,"Yes","Yes","No",810092,0,6,1,"Not Applicable",0
"89","Success",2011,3,"energy saving","yes",9,0,2,0,6,"No","No","No","No","No","Service","Private","Yes","Structured","Yes","platform","local","Non-Linear","No","No","No","B2C","No","Bachelors",0,0,0,152,"Yes","Yes","Yes",797253,4,16,6,"Not Applicable",0
"90","Success",2012,2,"optimization, crm, pricing","yes",0,0,2,4,7,"Yes","No","No","No","No","Service","Private","No","Structured","No","platform","global","Non-Linear","No","No","No","B2B","Yes","PhD",1,1,1,86,"Yes","No","No",583200,0,42,18,"Not Applicable",3
"91","Success",2007,7,"social media optimization","yes",0,0,1,4,5,"No","Yes","Yes","No","Yes","Service","Private","No","Both","No","platform","global","Non-Linear","No","No","No","B2B","No","Bachelors",0,0,0,55,"Yes","No","No",2053508.43636364,3,48,1,"Yes",0
"92","Success",2009,5,NA,"yes",2,3,1,5,7,"No","No","No","No","No","Service","Private","No","Structured","No","platform","global","Linear","Yes","No","No","B2B","No","Bachelors",0,0,0,31,"No","No","Yes",2155880,0,10,4,"Not Applicable",0
"93","Success",2010,4,"marketing, customer targeting","no",5,0,2,0,2,"No","No","No","No","No","Service","Private","No","Both","No","platform","global","Non-Linear","No","No","No","B2B","No","Masters",0,0,0,153,"No","No","No",103061,0,1,1,"Not Applicable",0
"94","Success",2012,2,"database management","yes",0,0,3,4,6,"No","Yes","Yes","No","No","Product","Private","No","Both","Yes","platform","global","Linear","Yes","No","No","B2B","No","Masters",0,0,0,68,"Yes","No","No",1065438,0,30,15,"Not Applicable",0
"95","Success",2002,12,"database management","yes",0,0,1,6,7,"No","Yes","Yes","No","No","Service","Private","No","Structured","No","platform","global","Linear","Yes","No","No","B2B","Yes","Bachelors",0,0,0,65,"Yes","No","Yes",2053508.43636364,0,1,6,"Yes",0
"96","Success",2012,2,"information management","yes",1,0,1,1,2,"No","Yes","Yes","No","No","Service","Private","Yes","Structured","Yes","platform","local","Linear","No","No","No","B2C","No","Masters",0,0,0,3,"No","Yes","No",6657549,0,10,0,"Not Applicable",0
"97","Success",2009,5,"strategy","yes",3,5,2,2,1,"Yes","No","No","No","No","Service","Private","Yes","Structured","Yes","platform","global","Non-Linear","No","No","No","B2B","Yes","Bachelors",1,1,1,67,"No","No","Yes",108639,3,2,4,"Not Applicable",3
"98","Success",2008,6,"technology","yes",1,2,3,3,8,"Yes","No","No","No","No","Service","Private","Yes","Structured","Yes","platform","global","Non-Linear","No","No","No","B2B","Yes","PhD",1,1,1,125,"Yes","No","Yes",368165,0,4,30,"Yes",3
"99","Success",2011,3,"technology","yes",3,0,2,2,3,"No","No","No","No","No","Service","Private","Yes","Structured","Yes","platform","global","Non-Linear","No","No","No","B2B","Yes","Bachelors",1,0,0,360,"No","No","Yes",1162155,10,3,24,"Not Applicable",1
"100","Success",2010,4,"operations","yes",17,0,2,5,2,"Yes","Yes","Yes","No","No","Service","Private","Yes","Structured","Yes","platform","global","Non-Linear","No","No","No","B2C","Yes","Bachelors",1,1,1,448,"No","No","No",290009,4,2,0,"Not Applicable",3
"101","Success",2012,2,"operations","no",1,0,2,4,3,"No","Yes","Yes","No","No","Product","Private","Yes","Structured","Yes","cloud","global","Non-Linear","No","No","No","B2B","Yes","Bachelors",0,0,0,406,"Yes","No","No",880762,3,2,0,"Not Applicable",0
"102","Success",2010,4,"marketing","yes",11,0,3,9,9,"No","Yes","Yes","No","No","Product","Private","Yes","Unstructured","Yes","platform","local","Non-Linear","No","No","No","B2C","Yes","Masters",0,1,1,173,"No","No","No",2053508.43636364,3,16,0,"Not Applicable",2
"103","Success",2011,3,"operations","yes",5,0,2,1,4,"No","Yes","No","No","No","Product","Public","Yes","Structured","Yes","cloud","local","Linear","No","No","No","B2B","Yes","Masters",0,0,0,0,"No","No","Yes",2053508.43636364,5,8,4,"Not Applicable",0
"104","Success",2011,3,"technology","yes",0,0,2,2,5,"Yes","Yes","Yes","No","No","Product","Private","Yes","Structured","Yes","cloud","global","Non-Linear","No","No","No","B2B","Yes","Bachelors",0,1,0,2,"Yes","No","Yes",2053508.43636364,5,25,16,"Not Applicable",1
"105","Success",2007,7,"marketing, strategy","yes",3,0,1,4,6,"Yes","Yes","Yes","No","No","Product","Private","Yes","Structured","Yes","platform","global","Non-Linear","No","No","No","B2B","Yes","Masters",0,1,1,173,"No","No","Yes",2053508.43636364,2,2,4,"Yes",2
"106","Success",2011,3,"marketing","yes",3,0,2,0,2,"No","No","No","No","No","Product","Private","Yes","Structured","Yes","platform","global","Non-Linear","No","No","No","B2B","Yes","Masters",1,0,0,272,"No","Yes","No",156473,5,7,1,"Not Applicable",1
"107","Success",2012,2,"technology","yes",0,0,2,8,2,"No","Yes","Yes","No","No","Service","Private","Yes","Structured","Yes","cloud","global","Non-Linear","Yes","No","No","B2B","Yes","Masters",0,0,0,74,"No","No","No",10414376,7,15,15,"Not Applicable",0
"108","Success",2011,3,"strategy","yes",0,3,2,6,4,"No","Yes","Yes","No","No","Product","Private","Yes","Structured","Yes","platform","global","Non-Linear","No","No","No","B2B","Yes","Masters",0,0,0,145,"No","No","Yes",359437,2,15,21,"Not Applicable",0
"109","Success",2013,1,"customer engagement","yes",0,0,2,6,6,"No","Yes","No","No","No","Service","Private","Yes","Structured","Yes","platform","global","Non-Linear","No","No","No","B2B","Yes","Bachelors",0,1,1,201,"No","No","Yes",735463,2,43,4,"Not Applicable",2
"110","Success",2012,2,"operations","yes",1,0,1,11,6,"No","No","No","No","No","Product","Private","Yes","Structured","Yes","platform","global","Non-Linear","No","No","No","B2B","Yes","PhD",0,1,1,119,"No","No","Yes",1409473,1,28,7,"Not Applicable",2
"111","Success",2011,3,"technology","yes",0,3,2,2,3,"No","Yes","No","No","No","Product","Private","No","Structured","Yes","cloud","global","Non-Linear","No","No","No","B2B","Yes","Bachelors",0,1,1,175,"Yes","No","Yes",48561,3,10,10,"Not Applicable",2
"112","Success",2012,2,"marketing","yes",3,0,2,2,2,"Yes","No","No","No","No","Service","Private","Yes","Unstructured","Yes","platform","global","Non-Linear","No","No","No","B2B","Yes","Bachelors",1,1,0,67,"No","No","Yes",2053508.43636364,4,22,3,"Not Applicable",2
"113","Success",2011,3,"technology","no",7,0,2,1,2,"Yes","No","No","No","No","Service","Private","Yes","Structured","Yes","cloud","global","Non-Linear","No","No","No","B2B","Yes","Bachelors",1,1,1,90,"Yes","No","Yes",2053508.43636364,3,4,3,"Not Applicable",3
"114","Success",2009,5,"technology","yes",0,0,2,0,6,"Yes","No","No","No","No","Product","Private","No","Structured","Yes","cloud","global","Non-Linear","No","No","No","B2B","Yes","Masters",0,0,0,260,"No","No","No",880762,3,20,19,"Not Applicable",0
"115","Success",2010,4,"operations","yes",1,0,2,1,10,"Yes","Yes","Yes","No","No","Product","Private","Yes","Structured","Yes","platform","global","Non-Linear","No","No","No","B2B","Yes","Bachelors",1,0,0,154,"No","No","No",4331697,2,75,45,"Not Applicable",1
"116","Success",2012,2,"operations","no",2,0,2,0,2,"No","No","No","No","No","Product","Private","Yes","Both","Yes","cloud","global","Non-Linear","Yes","No","No","B2B","Yes","Bachelors",1,1,1,200,"No","No","No",44388,5,22,8,"Not Applicable",3
"117","Success",2011,3,"sales","yes",0,0,2,6,6,"No","No","No","No","No","Product","Private","Yes","Unstructured","Yes","cloud","local","Non-Linear","No","No","No","B2B","Yes","Bachelors",1,1,1,1,"Yes","No","No",2084312,2,22,2,"Not Applicable",3
"118","Success",2010,4,"marketing","yes",0,0,0,0,5,"No","Yes","Yes","No","Yes","Product","Private","Yes","Structured","Yes","cloud","local","Linear","No","No","No","B2B","Yes","Masters",0,0,0,270,"Yes","No","No",2186599,1,16,2,"Not Applicable",0
"119","Success",2009,5,"technology","yes",2,0,2,3,4,"Yes","Yes","Yes","No","No","Product","Private","Yes","Structured","Yes","platform","global","Non-Linear","No","No","No","B2B","Yes","Bachelors",0,1,1,400,"No","No","No",427794,6,6,8,"Not Applicable",2
"120","Success",2010,4,"operations","yes",0,0,2,4,3,"Yes","No","No","No","No","Service","Private","Yes","Structured","Yes","platform","global","Non-Linear","No","No","No","B2C","Yes","Bachelors",0,1,1,116,"No","No","No",533971,3,5,5,"Not Applicable",2
"121","Success",2007,7,"social media analytics","yes",0,0,1,1,7,"Yes","Yes","Yes","No","No","Product","Private","Yes","Unstructured","Yes","platform","global","Non-Linear","No","No","No","B2B","Yes","PhD",1,1,1,200,"Yes","No","No",58457,2,14,5,"Yes",3
"122","Success",2011,3,"operations","yes",0,2,2,2,4,"Yes","No","No","No","No","Service","Private","Yes","Unstructured","Yes","platform","local","Linear","No","No","No","B2C","Yes","Masters",1,1,1,1,"No","No","Yes",2053508.43636364,2,24,8,"Not Applicable",3
"123","Success",2007,7,"operations","yes",0,2,1,0,5,"Yes","Yes","Yes","No","No","Product","Private","Yes","Structured","Yes","platform","global","Non-Linear","No","No","No","B2B","Yes","PhD",1,1,1,187,"No","No","Yes",889950,3,13,18,"Yes",3
"124","Success",2011,3,"operations","yes",0,3,1,0,6,"Yes","Yes","Yes","No","No","Product","Private","Yes","Structured","Yes","platform","local","Non-Linear","No","No","No","B2B","Yes","PhD",1,1,1,400,"No","No","Yes",6773962,3,25,12,"Not Applicable",3
"125","Success",2000,14,"strategy","yes",0,5,0,0,8,"Yes","No","No","No","Yes","Service","Private","Yes","Unstructured","Yes","platform","global","Non-Linear","Yes","No","No","B2B","Yes","Bachelors",1,0,1,264,"Yes","No","Yes",1147953,6,3,4,"Yes",2
"126","Success",2009,5,"technology","no",0,1,1,0,4,"No","Yes","Yes","No","No","Service","Private","Yes","Structured","Yes","platform","global","Non-Linear","No","No","No","B2B","Yes","Masters",1,0,0,408,"No","No","Yes",1676454,1,2,4,"Not Applicable",1
"127","Success",2008,6,"marketing","yes",0,1,4,2,7,"Yes","Yes","Yes","No","No","Service","Private","Yes","Structured","Yes","platform","global","Non-Linear","No","No","No","B2B","Yes","Masters",1,1,1,400,"No","No","No",141868,2,10,6,"Yes",3
"128","Success",2012,2,"marketing, strategy","yes",0,1,2,1,2,"Yes","Yes","Yes","No","No","Service","Private","Yes","Structured","Yes","platform","global","Non-Linear","No","No","No","B2B","Yes","Bachelors",1,0,0,0,"No","Yes","No",410491,3,9,0,"Not Applicable",1
"129","Success",2000,14,"marketing","yes",0,4,0,0,5,"No","Yes","Yes","No","No","Product","Private","Yes","Structured","Yes","cloud","global","Linear","No","No","No","B2B","Yes","Bachelors",0,0,0,368,"No","No","Yes",443595,2,13,11,"Yes",0
"130","Success",2007,7,"operations","no",0,1,0,0,3,"Yes","No","No","No","No","Product","Private","No","Unstructured","Yes","cloud","local","Non-Linear","No","No","No","B2B","Yes","Bachelors",0,1,1,116,"No","No","No",2053508.43636364,1,0,0,"Yes",2
"131","Failed",2009,5,"operations","no",1,6,2,0,3,"No","Yes","Yes","No","Yes","Product","Private","Yes","Unstructured","Yes","cloud","global","Non-Linear","No","No","No","B2C","Yes","Bachelors",0,0,0,0,"Yes","Yes","Yes",9439938,2,1,0,"Not Applicable",0
"132","Failed",2009,5,"operations","no",2,0,0,1,2,"No","Yes","Yes","No","No","Product","Private","Yes","Unstructured","Yes","platform","local","Non-Linear","No","No","No","B2C","Yes","Bachelors",0,0,0,0,"No","Yes","Yes",2053508.43636364,2,1,0,"Not Applicable",0
"133","Success",2010,4,"sales","no",0,0,2,3,4,"Yes","No","No","No","Yes","Product","Private","Yes","Structured","Yes","cloud","local","Non-Linear","No","No","No","B2B","Yes","Bachelors",0,1,0,233,"No","Yes","Yes",2053508.43636364,2,3,11,"Not Applicable",1
"134","Failed",2008,6,"operations","no",7,1,2,1,2,"No","Yes","Yes","No","No","Product","Private","Yes","Unstructured","Yes","platform","local","Non-Linear","No","No","No","B2B","Yes","Bachelors",0,0,0,86,"No","No","No",898999,3,1,0,"No",0
"135","Failed",2005,9,"operations","no",1,0,1,3,2,"No","Yes","Yes","No","No","Service","Private","Yes","Structured","Yes","cloud","local","Non-Linear","No","No","No","B2B","No","Bachelors",0,0,0,0,"No","No","No",2053508.43636364,11,2,4,"No",0
"136","Success",2012,2,"marketing","no",3,0,2,0,3,"No","Yes","Yes","No","No","Service","Both","No","Both","Yes","platform","global","Non-Linear","No","No","No","B2B","Yes","Masters",0,0,0,0,"Yes","No","No",3743293,0,6,0,"Not Applicable",0
"137","Success",2012,2,"marketing","no",2,0,2,0,2,"No","Yes","Yes","Yes","Yes","Service","Private","No","Structured","Yes","platform","global","Non-Linear","No","No","No","B2B","No","Bachelors",0,1,1,240,"Yes","Yes","No",14785,2,15,1,"Not Applicable",2
"138","Success",2011,3,"database management","no",6,0,3,2,3,"No","Yes","No","No","No","Both","Private","Yes","Structured","Yes","cloud","global","Linear","Yes","No","No","B2B","No","Bachelors",1,1,1,62,"Yes","No","Yes",751103,0,9,3,"Not Applicable",3
"139","Success",2010,4,"crm","yes",0,0,3,3,6,"No","No","No","No","No","Product","Private","Yes","Structured","Yes","cloud","global","Non-Linear","No","No","No","B2B","Yes","Bachelors",0,1,1,222,"Yes","No","Yes",82868,4,12,15,"Not Applicable",2
"140","Success",2008,6,"marketing","yes",0,0,5,5,10,"No","No","No","Yes","Yes","Service","Private","No","Structured","Yes","cloud","global","Non-Linear","No","No","No","B2B","Yes","Masters",0,0,0,135,"Yes","No","Yes",333844,1,11,3,"Yes",0
"141","Success",2012,2,"marketing","no",0,9,4,0,6,"Yes","Yes","Yes","No","No","Service","Public","Yes","Both","Yes","platform","global","Non-Linear","No","No","No","B2B","No","Masters",0,0,1,225,"Yes","No","No",1559939,0,10,1,"Not Applicable",1
"142","Success",2012,2,"marketing","yes",2,0,2,0,2,"No","No","No","Yes","No","Both","Public","Yes","Both","Yes","platform","global","Non-Linear","No","No","No","B2B","No","Masters",0,1,1,68,"No","No","No",8334266,0,6,0,"Not Applicable",2
"143","Success",2011,3,"data visualization, content marketing, presentations","yes",0,0,4,8,8,"No","Yes","Yes","No","No","Service","Private","No","Structured","Yes","cloud","global","Linear","Yes","Yes","No","B2C","No","Bachelors",0,0,1,82,"Yes","No","No",2725,0,48,8,"Not Applicable",1
"144","Success",2009,5,"analytics","yes",0,0,2,0,3,"No","Yes","Yes","No","Yes","Product","Both","No","Structured","Yes","platform","global","Linear","Yes","No","No","B2B","Yes","Bachelors",0,0,0,0,"Yes","No","No",434839,3,9,8,"Not Applicable",0
"145","Success",2010,4,"security","yes",4,0,1,1,10,"No","Yes","Yes","No","Yes","Service","Both","No","Unstructured","No","platform","global","Linear","Yes","No","No","B2B","Yes","Bachelors",0,0,0,0,"Yes","No","Yes",257071,0,99,30,"Not Applicable",0
"146","Success",2005,9,"wireless","no",0,4,2,1,3,"No","Yes","Yes","No","Yes","Product","no","No","no","Yes","platform","local","Linear","Yes","No","No","B2C","Yes","Bachelors",0,0,0,1,"Yes","No","No",255878,4,1,10,"Yes",0
"147","Success",2005,9,"social network","no",1,2,3,0,9,"No","No","No","No","No","Product","no","No","no","No","none","global","Non-Linear","No","No","No","B2C","No","Bachelors",1,1,1,0,"Yes","No","No",112659,7,25,27,"Yes",3
"148","Failed",2010,4,"operation","no",1,0,3,0,4,"No","Yes","Yes","No","Yes","Service","no","No","no","Yes","platform","local","Non-Linear","No","No","No","B2B","No","Bachelors",0,0,0,0,"No","No","No",18372022,0,3,1,"Not Applicable",0
"149","Failed",2011,3,"operation","no",1,0,2,0,2,"No","No","No","No","Yes","Service","no","No","no","No","platform","local","Non-Linear","No","No","No","B2C","No","Bachelors",0,0,0,0,"No","No","No",5516702,2,5,0,"Not Applicable",0
"150","Failed",2009,5,"media","no",0,2,2,0,3,"No","Yes","Yes","No","Yes","Service","no","No","no","No","platform","local","Non-Linear","No","No","No","B2B","No","PhD",0,0,0,0,"Yes","No","No",14539082,0,1,0,"Not Applicable",0
"151","Success",2010,4,"cloud computing","no",1,0,2,0,2,"No","Yes","Yes","No","Yes","Service","Public","No","Unstructured","Yes","both","global","Non-Linear","No","No","No","B2B","Yes","Bachelors",1,0,0,0,"No","No","No",819284,0,3,0,"Not Applicable",1
"152","Success",2011,3,"sale","no",3,0,3,0,3,"No","Yes","Yes","No","No","Service","Public","No","Structured","Yes","both","global","Non-Linear","No","No","No","B2C","No","Masters",0,0,0,133,"No","No","No",829576,0,4,0,"Not Applicable",0
"153","Success",2010,4,"social commerce","no",0,0,2,0,2,"No","Yes","Yes","No","Yes","Service","no","No","no","No","none","global","Linear","No","No","Yes","B2B","Yes","Masters",1,1,1,148,"No","No","No",816385,0,1,1,"Not Applicable",3
"154","Success",2009,5,"marketing","no",1,0,3,1,5,"No","Yes","Yes","No","Yes","Service","Public","No","Unstructured","Yes","both","global","Linear","No","No","Yes","B2B","No","Masters",0,0,0,262,"No","No","No",17173041,0,0,1,"Not Applicable",0
"155","Success",2010,4,"analytics","no",0,1,2,0,3,"No","Yes","Yes","No","No","Service","Public","No","Both","Yes","both","global","Linear","Yes","No","Yes","B2B","Yes","Bachelors",1,1,1,0,"No","No","No",816385,0,16,1,"Not Applicable",3
"156","Success",2010,4,"operation","yes",4,0,4,3,8,"No","Yes","Yes","No","No","Service","Public","No","Structured","Yes","platform","local","Linear","No","No","Yes","B2C","Yes","Bachelors",0,0,0,157,"No","No","No",1400959,0,3,1,"Not Applicable",0
"157","Success",2010,4,"social media marketing","no",0,2,2,0,4,"No","Yes","Yes","No","No","Product","Public","No","Structured","Yes","both","global","Non-Linear","Yes","No","Yes","B2B","Yes","PhD",1,1,1,0,"No","Yes","No",2053508.43636364,0,5,2,"Not Applicable",3
"158","Success",2011,3,"marketing","yes",10,8,3,0,8,"No","Yes","Yes","No","Yes","Service","Public","Yes","Structured","Yes","both","global","Non-Linear","No","No","No","B2B","No","Masters",0,0,0,196,"No","No","No",105893,3,25,4,"Not Applicable",0
"159","Success",2007,7,"operation","yes",0,0,2,1,6,"No","Yes","Yes","No","No","Product","Both","Yes","Both","Yes","none","global","Non-Linear","No","No","Yes","B2B","Yes","Masters",0,0,0,200,"No","No","No",1336317,2,8,4,"Yes",0
"160","Success",2009,5,"social network","yes",0,1,3,1,5,"No","Yes","Yes","No","No","Product","Both","Yes","Both","Yes","none","global","Non-Linear","Yes","No","Yes","B2B","Yes","Masters",0,0,0,173,"No","No","No",157602,4,12,0,"Not Applicable",0
"161","Success",2011,3,NA,"yes",11,0,1,0,1,"Yes","Yes","Yes","No","Yes","Product","Public","No","Unstructured","Yes","none","global","Non-Linear","Yes","No","Yes","B2B","Yes","Bachelors",1,1,1,160,"No","No","No",38521,0,25,5,"Not Applicable",3
"162","Success",2007,7,"publishing","no",0,0,1,6,2,"No","Yes","Yes","No","Yes","Product","Public","No","Structured","Yes","both","global","Linear","No","No","No","B2B","Yes","Bachelors",1,0,0,408,"Yes","No","No",2053508.43636364,3,8,0,"Yes",1
"163","Success",2005,9,NA,"no",0,0,2,0,6,"No","Yes","Yes","No","Yes","Service","Public","No","Structured","Yes","both","global","Non-Linear","Yes","No","Yes","B2B","Yes","Masters",0,0,0,150,"No","No","No",5835588,2,5,7,"Yes",0
"164","Success",2010,4,"global","no",0,0,2,1,6,"Yes","Yes","Yes","No","Yes","Service","Public","No","Both","No","both","global","Non-Linear","Yes","No","No","B2B","Yes","Masters",0,0,0,0,"No","No","No",186669,0,13,10,"Not Applicable",0
"165","Success",2005,9,"music intelligece","yes",0,0,2,3,7,"No","No","No","No","Yes","Service","Public","No","no","Yes","platform","global","Non-Linear","Yes","Yes","No","B2B","Yes","PhD",0,0,0,1,"No","No","No",54162,5,8,17,"Yes",0
"166","Success",2005,9,"data driven applications","yes",0,4,3,1,6,"No","Yes","Yes","No","No","Service","Both","No","Both","No","platform","global","Linear","No","Yes","No","B2B","Yes","PhD",1,1,0,4,"No","No","No",583509,0,6,30,"Yes",2
"167","Success",2008,6,"iphone apps","no",6,0,3,1,5,"Yes","Yes","Yes","No","No","Service","Public","No","Structured","No","both","global","Linear","No","No","No","B2C","Yes","Masters",1,0,0,0,"No","No","No",2053508.43636364,2,6,0,"Yes",1
"168","Success",2005,9,"analytics","no",3,0,2,2,5,"Yes","Yes","Yes","No","No","Product","Public","No","Structured","No","none","global","Non-Linear","No","No","No","B2B","No","Bachelors",0,1,1,0,"No","No","No",2053508.43636364,0,3,3,"Yes",2
"169","Failed",2008,6,"finance","no",2,0,2,1,2,"No","Yes","Yes","No","Yes","Service","Public","No","Structured","No","both","local","Linear","Yes","No","No","B2B","No","Bachelors",0,0,0,150,"No","No","No",5092265,6,2,2,"No",0
"170","Success",2007,7,"marketing","no",0,0,1,2,11,"No","Yes","Yes","No","Yes","Product","Public","No","no","No","none","global","Linear","No","No","Yes","B2B","Yes","Masters",0,1,1,109,"No","No","No",43814,0,33,15,"Yes",2
"171","Success",2005,9,"technology","no",0,0,3,1,3,"No","No","No","No","No","Product","Both","No","Both","No","both","global","Linear","No","No","No","B2B","Yes","Masters",1,1,0,320,"No","No","No",840553,0,25,20,"Yes",2
"172","Failed",2009,5,"marketing","yes",7,0,2,1,8,"No","Yes","Yes","No","Yes","Service","Public","No","Structured","Yes","both","local","Non-Linear","No","No","No","B2B","Yes","Masters",1,1,1,500,"No","No","No",6405946,0,12,6,"Not Applicable",3
"173","Success",2009,5,"analytics","yes",0,0,1,1,7,"No","No","No","No","Yes","Product","Public","No","Both","Yes","both","global","Non-Linear","No","No","No","B2B","Yes","Masters",1,1,1,216,"No","No","No",20635527,0,12,11,"Not Applicable",3
"174","Success",2008,6,"marketing","no",1,4,3,1,3,"No","Yes","Yes","No","No","Service","Public","No","Structured","Yes","none","local","Linear","No","No","No","B2B","No","PhD",0,0,0,96,"No","No","No",1877770,0,12,0,"Yes",0
"175","Success",2007,7,"network optimization","no",0,0,2,0,4,"No","Yes","Yes","No","Yes","Service","Both","No","Both","Yes","none","global","Linear","No","No","No","B2B","Yes","Bachelors",1,1,0,2,"No","Yes","No",2871443,4,8,5,"Yes",2
"176","Failed",2010,4,"privacy","no",1,0,1,0,1,"No","Yes","Yes","No","Yes","Service","Public","No","Both","Yes","both","global","Linear","No","No","No","B2B","Yes","Bachelors",1,1,0,1,"No","Yes","No",5631525,1,2,0,"Not Applicable",2
"177","Success",2012,2,"targeting optimize","no",1,0,1,0,3,"Yes","Yes","Yes","No","Yes","Service","Public","No","Both","Yes","none","global","Linear","No","No","No","B2B","Yes","Bachelors",1,1,1,0,"No","Yes","No",2053508.43636364,0,10,0,"Not Applicable",3
"178","Success",2010,4,"analytics","no",4,0,2,0,3,"No","Yes","No","No","Yes","Product","Both","Yes","no","No","platform","local","Non-Linear","No","No","No","B2B","No","Bachelors",0,0,0,1,"No","No","No",327029,0,12.5988700564972,1,"Not Applicable",0
"179","Success",2008,6,"analytics","no",0,0,3,0,3,"No","Yes","Yes","No","Yes","Product","Both","No","no","No","platform","local","Non-Linear","No","No","No","B2B","No","Masters",0,0,0,0,"Yes","No","No",2053508.43636364,0,12.5988700564972,3,"Yes",0
"180","Failed",2005,9,"analytics","yes",0,2,3,1,5,"No","Yes","Yes","No","Yes","Service","no","No","no","Yes","platform","global","Linear","Yes","No","No","B2B","Yes","Bachelors",0,0,0,0,"Yes","No","No",325240,3,12.5988700564972,24,"Yes",0
"181","Failed",2008,6,"analytics","no",0,0,1,0,1,"No","Yes","Yes","No","Yes","Service","Both","Yes","Structured","No","platform","local","Non-Linear","No","No","No","B2B","Yes","Masters",0,0,0,0,"Yes","No","No",15735768,0,12.5988700564972,1,"Yes",0
"182","Success",2005,9,"operation","no",0,2,3,0,2,"No","No","No","No","Yes","Product","no","No","no","Yes","platform","local","Linear","Yes","No","No","B2C","No","Bachelors",0,0,0,0,"Yes","No","No",525906,4,12.5988700564972,15,"Yes",0
"183","Failed",2011,3,"operation","yes",0,0,3,0,3,"No","No","No","No","Yes","Product","no","No","no","No","platform","global","Non-Linear","Yes","No","No","B2B","Yes","Bachelors",0,0,0,0,"Yes","No","No",644516,3,12.5988700564972,1,"Not Applicable",0
"184","Failed",2011,3,"operation","yes",12,0,4,0,3,"No","No","No","No","No","Product","no","No","no","No","platform","local","Linear","Yes","No","No","B2B","No","Bachelors",0,0,0,0,"Yes","No","No",480111,0,12.5988700564972,6,"Not Applicable",0
"185","Failed",2010,4,"operation","yes",0,0,4,0,4,"No","Yes","Yes","No","Yes","Product","Both","No","no","No","none","local","Linear","Yes","No","No","B2B","Yes","Bachelors",0,0,0,0,"Yes","No","No",899614,0,12.5988700564972,2,"Not Applicable",0
"186","Failed",2010,4,"operation","yes",6,0,6,7,6,"Yes","Yes","No","No","Yes","Product","no","No","no","No","platform","global","Linear","No","No","No","B2B","Yes","Masters",1,0,0,0,"Yes","No","No",69882,0,12.5988700564972,8,"Not Applicable",1
"187","Failed",2011,3,"analytics","no",2,0,3,3,10,"Yes","Yes","Yes","No","Yes","Product","Both","Yes","Both","No","platform","local","Linear","No","No","No","B2B","Yes","Masters",1,1,1,0,"Yes","No","No",619877,0,12.5988700564972,18,"Not Applicable",3
"188","Failed",2006,8,"analytics","no",0,0,4,2,10,"No","Yes","Yes","No","No","Service","Both","No","Both","No","platform","local","Linear","No","No","No","B2B","No","Masters",0,0,0,1,"No","No","No",253992,0,12.5988700564972,30,"Yes",0
"189","Failed",2010,4,"analytics","yes",0,0,2,0,4,"No","No","No","No","No","Service","Both","No","Both","No","platform","global","Non-Linear","No","Yes","No","B2B","Yes","Masters",0,0,0,2,"No","No","No",37120,0,12.5988700564972,11,"Not Applicable",0
"190","Failed",2009,5,"management","no",0,0,2,2,4,"Yes","No","No","No","Yes","Product","Both","No","Both","No","platform","local","Non-Linear","No","No","No","B2B","Yes","Masters",0,0,0,0,"No","No","No",161711,1,12.5988700564972,11,"Not Applicable",0
"191","Failed",2008,6,"analytics","no",0,1,2,1,4,"No","Yes","Yes","No","Yes","Product","no","No","no","No","platform","local","Linear","No","No","No","B2B","No","Bachelors",0,0,0,0,"Yes","Yes","No",2053508.43636364,0,12.5988700564972,4,"Yes",0
"192","Failed",2005,9,NA,"no",0,0,1,0,5,"No","Yes","Yes","No","No","Service","Private","No","Both","Yes","platform","local","Non-Linear","No","Yes","No","B2C","Yes","Bachelors",0,0,0,NA,"Yes","No","No",2053508.43636364,1.70157068062827,12.5988700564972,78.3717277486911,"Not Applicable",0
"193","Failed",2009,5,"marketing","no",1.94210526315789,0.747368421052632,1,1,2,"No","No","No","No","No","Service","Public","No","Structured","Yes","platform","global","Non-Linear","No","No","No","B2C","Yes","Bachelors",0,0,0,NA,"Yes","No","No",2053508.43636364,1.70157068062827,12.5988700564972,78.3717277486911,"Not Applicable",0
"194","Failed",2005,9,"search engine","no",0,0,2,2,3,"No","Yes","Yes","Yes","Yes","Service","Public","No","Both","No","platform","global","Linear","Yes","No","No","B2C","Yes","Bachelors",0,0,0,NA,"Yes","No","No",2053508.43636364,1.70157068062827,12.5988700564972,78.3717277486911,"Not Applicable",0
"195","Failed",2010,4,"operations","no",1.94210526315789,0.747368421052632,1,0,2,"No","No","No","No","No","Product","Private","Yes","Unstructured","Yes","platform","local","Non-Linear","No","No","No","B2C","Yes","Bachelors",0,0,0,NA,"Yes","No","No",2053508.43636364,1.70157068062827,12.5988700564972,78.3717277486911,"Not Applicable",0
"196","Failed",2008,6,"operations","no",1.94210526315789,0.747368421052632,1,0,2,"Yes","No","No","No","No","Product","Private","Yes","Structured","Yes","platform","local","Non-Linear","No","No","No","B2C","Yes","Bachelors",0,0,0,NA,"Yes","No","No",2053508.43636364,1.70157068062827,12.5988700564972,78.3717277486911,"Not Applicable",0
"197","Failed",2011,3,"marketing","no",1.94210526315789,0.747368421052632,2,0,2,"No","No","No","No","No","Service","Private","Yes","Unstructured","Yes","cloud","local","Non-Linear","Yes","No","No","B2C","Yes","Bachelors",0,0,0,NA,"Yes","No","No",2053508.43636364,1.70157068062827,12.5988700564972,78.3717277486911,"Not Applicable",0
"198","Failed",2009,5,"marketing,sales","no",1.94210526315789,0.747368421052632,2,3,2,"No","No","No","No","No","Service","Private","Yes","Unstructured","Yes","cloud","local","Non-Linear","Yes","No","No","B2C","Yes","Bachelors",0,0,0,NA,"Yes","No","No",2053508.43636364,1.70157068062827,12.5988700564972,78.3717277486911,"Not Applicable",0
"199","Failed",2005,9,"production,sales","yes",1.94210526315789,0.747368421052632,0,1,5,"No","Yes","Yes","No","Yes","Product","Private","No","Unstructured","Yes","platform","local","Linear","Yes","No","No","B2B","Yes","Bachelors",0,0,0,NA,"Yes","No","No",2053508.43636364,1.70157068062827,12.5988700564972,78.3717277486911,"Not Applicable",0
"200","Failed",2009,5,"operations","no",1.94210526315789,0.747368421052632,1,0,1,"No","No","No","No","No","Product","Private","Yes","Structured","Yes","platform","local","Non-Linear","No","No","No","B2B","Yes","Bachelors",0,0,0,NA,"Yes","No","No",2053508.43636364,1.70157068062827,12.5988700564972,78.3717277486911,"Not Applicable",0
"201","Failed",2010,4,"operations","no",1.94210526315789,0.747368421052632,2,0,2,"No","No","No","No","No","Product","Private","Yes","Unstructured","Yes","platform","local","Non-Linear","No","No","No","B2C","Yes","Bachelors",0,0,0,NA,"Yes","No","No",2053508.43636364,1.70157068062827,12.5988700564972,78.3717277486911,"Not Applicable",0
"202","Failed",2007,7,"operations","no",1.94210526315789,0.747368421052632,2,0,3,"No","No","No","No","Yes","Service","Private","Yes","Structured","Yes","cloud","local","Non-Linear","No","No","No","B2C","Yes","Bachelors",0,0,0,NA,"Yes","No","No",2053508.43636364,1.70157068062827,12.5988700564972,78.3717277486911,"Not Applicable",0
